Qsimules,Temp
311.5,0.01
309.4,0.03
306.1,0.05
300.4,0.07
299.8,0.09
299.4,0.15
299,0.17
298.9,0.19
298.6,0.21
298.3,0.23
296.7,0.25
295.8,0.27
292.8,0.29
292.7,0.31
292.4,0.37
291.3,0.39
289.7,0.41
289.3,0.43
287.5,0.44
287.4,0.46
287.1,0.48
286.6,0.5
285.8,0.52
285.7,0.54
284.4,0.56
284.2,0.58
283.8,0.6
283.2,0.62
282.7,0.66
282.6,0.68
282.4,0.7
281.8,0.72
281.5,0.74
281.1,0.76
280.8,0.78
280.7,0.8
279.7,0.82
279.1,0.84
278.5,0.86
278.2,0.88
278.1,0.89
277.6,0.91
277.3,0.93
277.2,0.95
276.7,0.97
276.6,1.01
276.4,1.03
276.1,1.05
275.6,1.11
275.4,1.13
275.2,1.15
275,1.17
274.6,1.19
274.5,1.21
274.4,1.23
274.1,1.25
274,1.27
273.8,1.29
273.7,1.31
273.4,1.32
272.7,1.34
272.5,1.36
272,1.38
271.6,1.44
271.4,1.46
271.3,1.48
270.9,1.5
270.3,1.52
270.1,1.54
270,1.56
269.9,1.6
269.8,1.62
269.7,1.64
269.5,1.66
268.9,1.7
268.4,1.76
268.3,1.77
268.1,1.79
268,1.81
267.6,1.83
267.5,1.85
267.2,1.87
267,1.93
266.8,1.95
266.5,1.99
266.4,2.01
266.2,2.03
265.8,2.05
265.7,2.07
265.6,2.09
265.5,2.11
265.3,2.13
265.1,2.15
264.5,2.17
264.4,2.19
264.3,2.22
264,2.24
263.8,2.26
263.6,2.32
263.3,2.34
263.1,2.36
263,2.38
262.3,2.42
262.1,2.46
262,2.48
261.8,2.5
261.6,2.52
261.4,2.54
261.3,2.56
261.1,2.58
261,2.6
260.9,2.64
260.7,2.67
260.4,2.71
260.2,2.73
260.1,2.75
260,2.77
259.9,2.79
259.8,2.81
259.6,2.83
259.3,2.85
259.2,2.89
259,2.91
258.9,2.99
258.4,3.01
258,3.05
257.7,3.1
257.6,3.12
257.5,3.14
257.1,3.2
257,3.24
256.9,3.26
256.7,3.32
256.6,3.36
256.5,3.4
256.4,3.44
256.3,3.46
256.2,3.5
256.1,3.52
256,3.55
255.9,3.57
255.8,3.61
255.7,3.67
255.5,3.71
255.3,3.79
255.1,3.81
254.6,3.87
254.5,3.89
254.3,3.91
254.1,3.97
254,4
253.9,4.02
253.8,4.04
253.6,4.06
253.3,4.08
253.2,4.14
253.1,4.16
253,4.2
252.9,4.22
252.8,4.24
252.6,4.26
252.5,4.3
252.4,4.34
252.3,4.38
252.2,4.4
252.1,4.43
251.9,4.51
251.8,4.57
251.5,4.61
251.3,4.63
251.2,4.67
251.1,4.71
251,4.75
250.9,4.79
250.8,4.81
250.7,4.83
250.6,4.85
250.5,4.86
250.4,4.9
249.9,4.94
249.8,4.96
249.3,5.02
249.2,5.08
249.1,5.1
249,5.18
248.9,5.26
248.8,5.28
248.7,5.3
248.6,5.33
248.5,5.39
248.4,5.41
248.3,5.43
248.1,5.49
247.9,5.53
247.8,5.63
247.7,5.67
247.6,5.73
247.4,5.76
247.3,5.8
247.2,5.86
247,5.9
246.9,5.92
246.8,5.94
246.7,5.96
246.6,6.02
246.5,6.04
246.4,6.06
246.1,6.1
246,6.14
245.8,6.16
245.7,6.19
245.6,6.23
245.5,6.25
245.4,6.31
245.2,6.33
245.1,6.39
245,6.43
244.9,6.51
244.8,6.53
244.7,6.55
244.6,6.59
244.5,6.63
244.4,6.72
244.2,6.74
244.1,6.8
244,6.86
243.9,6.94
243.8,6.98
243.7,7.04
243.6,7.07
243.5,7.09
243.4,7.13
243.3,7.19
243.1,7.21
243,7.29
242.9,7.35
242.8,7.43
242.7,7.47
242.6,7.49
242.5,7.52
242.3,7.54
242.2,7.6
242.1,7.64
242,7.68
241.9,7.72
241.8,7.78
241.6,7.8
241.5,7.82
241.4,7.84
241.3,7.86
241.2,7.99
241.1,8.03
241,8.05
240.9,8.07
240.8,8.11
240.7,8.23
240.6,8.27
240.5,8.33
240.4,8.37
240.3,8.39
240.2,8.46
240.1,8.48
240,8.56
239.9,8.64
239.8,8.68
239.7,8.7
239.6,8.72
239.5,8.74
239.4,8.76
239.2,8.84
239.1,8.87
238.9,8.89
238.7,8.93
238.6,8.97
238.5,9.07
238.4,9.15
238.3,9.17
238.2,9.23
238.1,9.32
238,9.38
237.9,9.42
237.8,9.44
237.7,9.46
237.5,9.56
237.4,9.6
237.3,9.66
237.2,9.73
237.1,9.81
237,9.83
236.9,9.91
236.7,10.01
236.6,10.03
236.5,10.09
236.4,10.11
236.3,10.2
236.2,10.24
236.1,10.3
236,10.38
235.9,10.54
235.8,10.58
235.7,10.61
235.6,10.63
235.4,10.67
235.3,10.73
235.2,10.77
235.1,10.85
235,10.97
234.9,11.05
234.8,11.1
234.7,11.16
234.5,11.2
234.4,11.28
234.3,11.36
234.2,11.42
234.1,11.44
234,11.5
233.9,11.59
233.7,11.65
233.6,11.67
233.5,11.77
233.4,11.87
233.3,11.91
233.2,11.94
233.1,11.96
233,11.98
232.9,12.06
232.8,12.14
232.7,12.2
232.6,12.22
232.5,12.3
232.4,12.38
232.3,12.45
232.2,12.49
232.1,12.65
232,12.73
231.9,12.84
231.8,12.9
231.7,12.94
231.6,13
231.5,13.06
231.4,13.08
231.3,13.12
231.2,13.18
231.1,13.27
231,13.31
230.8,13.43
230.7,13.45
230.6,13.47
230.5,13.59
230.4,13.65
230.3,13.74
230.2,13.78
230.1,13.84
230,13.88
229.9,13.94
229.8,14
229.7,14.06
229.6,14.14
229.5,14.19
229.4,14.31
229.3,14.33
229.2,14.35
229.1,14.49
229,14.51
228.9,14.57
228.8,14.59
228.7,14.62
228.6,14.66
228.5,14.7
228.4,14.78
228.2,14.94
228.1,15.02
228,15.09
227.9,15.15
227.8,15.21
227.7,15.33
227.6,15.39
227.5,15.45
227.4,15.52
227.3,15.58
227.2,15.64
227.1,15.74
227,15.76
226.9,15.8
226.8,15.88
226.7,15.95
226.6,15.99
226.5,16.07
226.4,16.13
226.3,16.19
226.2,16.25
226.1,16.38
226,16.4
225.9,16.44
225.8,16.56
225.7,16.68
225.6,16.72
225.5,16.74
225.4,16.83
225.3,16.97
225.2,17.11
225.1,17.17
225,17.21
224.9,17.28
224.8,17.34
224.7,17.36
224.6,17.4
224.5,17.5
224.4,17.52
224.3,17.64
224.1,17.69
224,17.73
223.9,17.77
223.7,17.85
223.6,17.97
223.5,18.07
223.4,18.2
223.3,18.34
223.2,18.5
223.1,18.58
223,18.63
222.9,18.67
222.8,18.71
222.7,18.79
222.6,18.85
222.5,18.93
222.4,19.04
222.3,19.14
222.2,19.22
222.1,19.3
222,19.36
221.9,19.42
221.8,19.53
221.7,19.55
221.6,19.65
221.5,19.69
221.4,19.79
221.3,19.92
221.2,20
221.1,20.14
221,20.22
220.9,20.32
220.8,20.41
220.7,20.59
220.6,20.65
220.5,20.71
220.4,20.84
220.3,20.88
220.2,21.02
220.1,21.1
220,21.16
219.9,21.25
219.8,21.31
219.7,21.35
219.6,21.51
219.4,21.63
219.3,21.7
219.2,21.74
219.1,21.88
219,22.06
218.9,22.12
218.8,22.17
218.7,22.27
218.6,22.41
218.5,22.51
218.4,22.58
218.3,22.72
218.2,22.76
218.1,22.86
218,22.94
217.9,23.05
217.8,23.17
217.7,23.19
217.6,23.25
217.5,23.35
217.4,23.46
217.3,23.64
217.2,23.72
217.1,23.78
217,23.88
216.9,23.95
216.8,24.03
216.7,24.07
216.6,24.11
216.5,24.27
216.4,24.4
216.3,24.46
216.2,24.62
216.1,24.66
216,24.77
215.9,24.79
215.8,24.85
215.7,24.93
215.6,25.05
215.5,25.19
215.4,25.24
215.3,25.28
215.2,25.34
215.1,25.5
215,25.54
214.9,25.6
214.8,25.67
214.7,25.75
214.6,25.87
214.5,26.01
214.4,26.05
214.3,26.09
214.2,26.22
214.1,26.3
214,26.4
213.9,26.55
213.8,26.61
213.7,26.65
213.6,26.73
213.5,26.79
213.4,26.85
213.3,26.95
213.2,27.02
213.1,27.08
213,27.16
212.9,27.32
212.8,27.42
212.7,27.51
212.6,27.61
212.5,27.65
212.4,27.77
212.3,27.87
212.2,27.9
212.1,27.94
212,27.96
211.9,27.98
211.8,28.08
211.7,28.16
211.6,28.22
211.5,28.3
211.4,28.43
211.3,28.53
211.2,28.63
211.1,28.71
211,28.82
210.9,28.86
210.8,29.02
210.7,29.1
210.6,29.12
210.5,29.2
210.4,29.29
210.3,29.39
210.2,29.57
210.1,29.59
210,29.63
209.9,29.76
209.8,29.8
209.7,29.88
209.6,29.96
209.5,30.06
209.4,30.11
209.3,30.17
209.2,30.23
209.1,30.33
209,30.37
208.9,30.41
208.8,30.47
208.7,30.6
208.6,30.76
208.5,30.8
208.4,30.88
208.3,30.97
208.2,31.03
208.1,31.13
208,31.25
207.9,31.33
207.8,31.44
207.7,31.5
207.6,31.58
207.5,31.68
207.4,31.76
207.3,31.95
207.2,32.03
207.1,32.11
207,32.21
206.9,32.34
206.8,32.44
206.7,32.46
206.6,32.6
206.5,32.64
206.4,32.72
206.3,32.81
206.2,32.97
206.1,33.03
206,33.09
205.9,33.11
205.8,33.22
205.7,33.36
205.6,33.44
205.5,33.58
205.4,33.69
205.3,33.77
205.2,33.83
205.1,33.85
205,33.93
204.9,34.01
204.8,34.12
204.7,34.22
204.6,34.3
204.5,34.42
204.4,34.51
204.3,34.63
204.2,34.79
204.1,34.91
204,34.95
203.9,35.1
203.8,35.2
203.7,35.28
203.6,35.34
203.5,35.39
203.4,35.47
203.3,35.49
203.2,35.57
203.1,35.59
203,35.61
202.9,35.69
202.8,35.79
202.7,35.83
202.6,35.96
202.5,36.08
202.4,36.12
202.3,36.26
202.2,36.31
202.1,36.39
202,36.47
201.9,36.61
201.8,36.67
201.7,36.74
201.6,36.84
201.5,36.86
201.4,36.92
201.3,37
201.2,37.08
201.1,37.21
201,37.27
200.9,37.39
200.8,37.41
200.7,37.43
200.6,37.51
200.5,37.55
200.4,37.64
200.3,37.74
200.2,37.84
200.1,37.94
200,37.96
199.9,38.04
199.8,38.17
199.7,38.37
199.6,38.41
199.5,38.47
199.4,38.58
199.3,38.64
199.2,38.7
199.1,38.9
199,38.95
198.9,38.97
198.8,39.09
198.7,39.15
198.6,39.29
198.5,39.37
198.4,39.44
198.3,39.58
198.2,39.62
198.1,39.82
198,39.89
197.9,40.03
197.8,40.13
197.7,40.15
197.6,40.3
197.5,40.42
197.4,40.52
197.3,40.64
197.2,40.77
197.1,40.81
197,40.91
196.9,40.95
196.8,41.05
196.7,41.13
196.6,41.22
196.5,41.32
196.4,41.36
196.3,41.42
196.2,41.54
196.1,41.65
196,41.67
195.9,41.71
195.8,41.81
195.7,41.93
195.6,42.01
195.5,42.06
195.4,42.12
195.3,42.2
195.2,42.32
195.1,42.34
195,42.46
194.9,42.57
194.8,42.71
194.7,42.75
194.6,42.83
194.5,42.96
194.4,42.98
194.3,43.12
194.2,43.2
194.1,43.3
194,43.36
193.9,43.47
193.8,43.55
193.7,43.69
193.6,43.75
193.5,43.96
193.4,44.08
193.3,44.12
193.2,44.22
193.1,44.29
193,44.43
192.9,44.49
192.8,44.53
192.7,44.59
192.6,44.69
192.5,44.78
192.4,44.86
192.3,45.02
192.2,45.06
192.1,45.13
192,45.17
191.9,45.25
191.8,45.31
191.7,45.33
191.6,45.39
191.5,45.43
191.4,45.51
191.3,45.57
191.2,45.66
191.1,45.76
191,45.84
190.9,45.96
190.8,46.03
190.7,46.15
190.6,46.23
190.5,46.33
190.4,46.37
190.3,46.5
190.2,46.62
190.1,46.74
190,46.78
189.9,46.8
189.8,46.88
189.7,46.91
189.6,46.95
189.5,47.05
189.4,47.07
189.3,47.17
189.2,47.19
189.1,47.31
189,47.34
188.9,47.36
188.8,47.44
188.7,47.56
188.6,47.58
188.5,47.64
188.4,47.7
188.3,47.79
188.2,47.89
188.1,47.95
188,47.99
187.9,48.01
187.8,48.05
187.7,48.13
187.6,48.21
187.5,48.32
187.4,48.34
187.3,48.4
187.2,48.44
187.1,48.46
187,48.54
186.9,48.56
186.8,48.58
186.7,48.67
186.6,48.71
186.5,48.77
186.4,48.85
186.3,48.95
186.2,48.97
186.1,49.05
186,49.11
185.9,49.2
185.8,49.22
185.7,49.3
185.6,49.38
185.5,49.48
185.4,49.54
185.3,49.57
185.2,49.65
185.1,49.73
185,49.77
184.9,49.83
184.8,49.89
184.7,49.91
184.6,49.97
184.5,49.99
184.4,50.04
184.3,50.06
184.2,50.1
184.1,50.18
184,50.2
183.9,50.22
183.8,50.3
183.7,50.36
183.6,50.45
183.5,50.47
183.4,50.53
183.3,50.61
183.2,50.65
183.1,50.73
183,50.75
182.9,50.83
182.8,50.92
182.7,50.96
182.6,50.98
182.5,51.02
182.4,51.14
182.3,51.26
182.2,51.28
182.1,51.41
182,51.43
181.9,51.47
181.8,51.53
181.7,51.57
181.6,51.65
181.5,51.73
181.4,51.82
181.2,52.04
181.1,52.06
180.9,52.18
180.8,52.23
180.7,52.29
180.6,52.31
180.5,52.33
180.4,52.39
180.3,52.45
180.2,52.47
180.1,52.51
180,52.59
179.9,52.7
179.6,52.74
179.5,52.78
179.4,52.84
179.3,52.94
179.2,53
179.1,53.02
179,53.06
178.9,53.15
178.8,53.19
178.7,53.27
178.6,53.33
178.5,53.37
178.4,53.41
178.3,53.47
178.2,53.51
178.1,53.6
178,53.68
177.9,53.74
177.8,53.82
177.7,53.92
177.6,53.94
177.5,53.99
177.4,54.01
177.3,54.09
177.2,54.13
177.1,54.19
177,54.29
176.9,54.31
176.8,54.35
176.7,54.41
176.6,54.44
176.5,54.5
176.4,54.58
176.3,54.66
176.2,54.72
176.1,54.76
176,54.82
175.9,54.84
175.8,54.86
175.7,54.87
175.6,54.89
175.5,54.95
175.4,55.01
175.3,55.03
175.2,55.07
175.1,55.11
175,55.15
174.9,55.19
174.8,55.25
174.7,55.34
174.6,55.36
174.5,55.44
174.4,55.46
174.3,55.52
174.2,55.62
174.1,55.72
173.9,55.79
173.8,55.87
173.7,55.91
173.6,56.01
173.5,56.05
173.4,56.11
173.3,56.15
173.2,56.2
173.1,56.28
173,56.34
172.9,56.4
172.8,56.46
172.5,56.54
172.4,56.56
172.3,56.6
172.2,56.63
172.1,56.65
172,56.67
171.9,56.77
171.8,56.85
171.7,56.93
171.6,56.97
171.5,57.01
171.4,57.08
171.3,57.16
171.2,57.2
171.1,57.26
171,57.28
170.9,57.44
170.8,57.53
170.7,57.55
170.6,57.59
170.5,57.61
170.4,57.67
170.3,57.73
170.2,57.77
170.1,57.81
170,57.85
169.9,57.96
169.8,58.02
169.7,58.1
169.6,58.14
169.5,58.24
169.3,58.26
169.1,58.28
169,58.41
168.9,58.47
168.8,58.53
168.7,58.61
168.6,58.65
168.5,58.71
168.4,58.73
168.3,58.77
168.1,58.81
168,58.83
167.9,58.86
167.8,58.9
167.7,58.94
167.6,59.02
167.5,59.12
167.3,59.16
167.2,59.24
167.1,59.31
167,59.33
166.9,59.41
166.8,59.45
166.6,59.51
166.5,59.55
166.4,59.59
166.3,59.63
166.2,59.67
166.1,59.69
166,59.71
165.9,59.76
165.8,59.78
165.7,59.84
165.5,59.88
165.4,59.9
165.3,59.94
165.2,60.02
165.1,60.12
165,60.14
164.9,60.19
164.8,60.23
164.6,60.27
164.5,60.31
164.4,60.39
164.3,60.41
164.2,60.47
164.1,60.49
164,60.51
163.9,60.57
163.8,60.62
163.7,60.68
163.6,60.74
163.4,60.8
163.3,60.84
163.2,60.86
163.1,60.9
163,60.96
162.9,60.98
162.8,61.09
162.7,61.13
162.6,61.19
162.5,61.29
162.4,61.31
162.2,61.35
162,61.41
161.9,61.5
161.8,61.52
161.7,61.56
161.6,61.6
161.5,61.66
161.4,61.78
161.3,61.9
161.2,61.97
161.1,62.07
160.9,62.11
160.7,62.13
160.6,62.19
160.5,62.25
160.4,62.35
160.2,62.38
160.1,62.48
160,62.5
159.9,62.54
159.8,62.56
159.7,62.6
159.6,62.64
159.5,62.66
159.4,62.72
159.3,62.76
159.2,62.78
159.1,62.8
159,62.82
158.9,62.87
158.8,62.91
158.6,62.97
158.5,63.03
158.4,63.05
158.3,63.09
158.2,63.13
158.1,63.21
158,63.25
157.9,63.32
157.8,63.36
157.7,63.42
157.6,63.46
157.5,63.54
157.4,63.56
157.3,63.58
157.2,63.6
157.1,63.62
156.9,63.68
156.8,63.73
156.7,63.77
156.6,63.83
156.5,63.87
156.4,63.91
156.3,63.95
156.2,64.01
156.1,64.09
156,64.18
155.9,64.22
155.8,64.26
155.7,64.3
155.6,64.36
155.4,64.42
155.3,64.48
155.2,64.5
155.1,64.58
155,64.61
154.9,64.69
154.8,64.75
154.6,64.77
154.5,64.81
154.4,64.91
154.3,64.93
154.2,64.97
154.1,65.01
154,65.03
153.9,65.12
153.8,65.16
153.7,65.2
153.6,65.26
153.5,65.3
153.4,65.38
153.3,65.42
153.1,65.48
153,65.49
152.9,65.51
152.8,65.65
152.7,65.69
152.6,65.73
152.5,65.79
152.4,65.81
152.3,65.83
152.2,65.87
152.1,65.91
152,65.92
151.9,65.96
151.8,65.98
151.7,66.04
151.6,66.08
151.4,66.12
151.3,66.14
151.2,66.18
151.1,66.28
150.9,66.34
150.8,66.36
150.6,66.37
150.5,66.39
150.4,66.51
150.3,66.55
150.2,66.57
150.1,66.59
150,66.61
149.8,66.63
149.7,66.67
149.6,66.71
149.4,66.75
149.3,66.79
149.2,66.81
149,66.84
148.4,66.9
148.3,66.96
148.2,66.98
148.1,67.02
148,67.06
147.9,67.08
147.8,67.14
147.7,67.18
147.6,67.2
147.5,67.25
147.4,67.31
147.2,67.33
147.1,67.35
146.9,67.39
146.8,67.41
146.7,67.45
146.5,67.47
146.4,67.51
146.3,67.59
146.2,67.61
146.1,67.63
145.9,67.65
145.8,67.69
145.7,67.72
145.6,67.76
145.5,67.8
145.3,67.82
145.2,67.86
145.1,67.88
145,67.92
144.9,67.96
144.8,68
144.7,68.04
144.5,68.06
144.4,68.08
144.3,68.12
144.2,68.15
144.1,68.17
144,68.19
143.9,68.21
143.8,68.27
143.7,68.29
143.6,68.33
143.5,68.35
143.4,68.39
143.3,68.41
143.2,68.43
143.1,68.49
142.9,68.53
142.6,68.57
142.4,68.6
142.3,68.62
142.2,68.64
142.1,68.68
141.9,68.74
141.8,68.78
141.7,68.8
141.6,68.82
141.5,68.84
141.4,68.88
141.3,68.9
141.2,68.94
141,68.96
140.9,68.98
140.8,69
140.7,69.02
140.6,69.09
140.4,69.15
140.3,69.17
140.2,69.21
140.1,69.23
140,69.25
139.9,69.27
139.8,69.29
139.7,69.31
139.6,69.37
139.4,69.41
139.3,69.43
139.2,69.45
138.8,69.52
138.6,69.56
138.5,69.64
138.3,69.68
138.2,69.72
138,69.74
137.8,69.76
137.6,69.82
137.5,69.9
137.4,69.91
137.3,69.95
137.1,70.01
137,70.05
136.9,70.09
136.8,70.11
136.7,70.13
136.6,70.17
136.5,70.19
136.4,70.23
136.3,70.25
136.2,70.29
136.1,70.33
135.9,70.35
135.8,70.42
135.7,70.44
135.5,70.46
135.4,70.48
135.3,70.52
135.2,70.54
135.1,70.56
134.8,70.58
134.3,70.6
134.1,70.62
134,70.68
133.9,70.74
133.7,70.78
133.5,70.81
133.4,70.89
133.2,70.91
133.1,70.97
133,70.99
132.9,71.01
132.8,71.03
132.7,71.07
132.4,71.11
132.3,71.15
132,71.21
131.9,71.24
131.8,71.3
131.7,71.32
131.6,71.34
131.5,71.4
131.4,71.42
131.3,71.46
131.2,71.48
131,71.5
130.9,71.54
130.8,71.62
130.7,71.64
130.6,71.69
130.5,71.75
130.3,71.79
130.2,71.83
130.1,71.91
130,71.93
129.9,71.99
129.7,72.01
129.5,72.05
129.4,72.07
129.3,72.09
129.2,72.11
129,72.18
128.8,72.22
128.7,72.26
128.6,72.3
128.5,72.32
128.4,72.4
128.3,72.48
128.2,72.5
128.1,72.52
128,72.57
127.9,72.63
127.8,72.65
127.7,72.67
127.6,72.79
127.5,72.87
127.4,72.89
127.3,72.93
127.2,72.99
127.1,73.02
127,73.06
126.9,73.1
126.8,73.12
126.7,73.16
126.6,73.2
126.5,73.22
126.3,73.3
126.2,73.32
126.1,73.4
126,73.44
125.9,73.45
125.8,73.47
125.7,73.51
125.6,73.53
125.5,73.55
125.4,73.57
125.3,73.63
125.2,73.67
125.1,73.73
125,73.81
124.9,73.83
124.8,73.92
124.7,73.94
124.6,73.98
124.5,74.06
124.4,74.1
124.3,74.16
124.2,74.2
124.1,74.24
124,74.3
123.8,74.32
123.4,74.35
122.9,74.37
122.7,74.41
122.6,74.45
122.5,74.47
122.3,74.49
122.1,74.51
122,74.53
121.8,74.55
121.7,74.57
121.6,74.59
121.4,74.61
121.2,74.63
120.7,74.65
120.6,74.69
118.5,74.71
118.4,74.73
117.8,74.75
117.7,74.78
117.5,74.8
117.4,74.82
117.3,74.84
116.7,74.86
116.6,74.88
116.3,74.9
116.2,74.92
116.1,74.94
115.9,74.96
115.8,74.98
115.5,75
115.3,75.04
115.2,75.06
114.8,75.08
114.7,75.1
114.5,75.12
114.2,75.14
113.2,75.16
112.9,75.18
112.7,75.2
112.6,75.23
112.4,75.25
112.2,75.27
111.6,75.29
111.2,75.31
110.9,75.33
110.1,75.37
110,75.39
109.8,75.41
109.6,75.43
109.5,75.45
109.1,75.47
108.8,75.49
108.6,75.53
108.5,75.55
108.3,75.57
108.2,75.59
107.9,75.61
107.6,75.63
107,75.65
106.7,75.68
106.5,75.72
106.3,75.76
106,75.78
105.9,75.8
105.8,75.82
105.7,75.86
105.4,75.88
105.3,75.92
104.6,75.94
104.1,75.98
104,76
103.9,76.02
103.8,76.04
103.7,76.06
103.6,76.08
103.5,76.13
103.3,76.15
103.1,76.19
102.8,76.21
102.6,76.23
102.5,76.25
102.4,76.27
102.2,76.29
102,76.33
101.9,76.35
101.7,76.37
101.6,76.39
101.4,76.41
101.3,76.43
101.2,76.45
100.8,76.49
100.4,76.51
100.3,76.54
100.2,76.56
100.1,76.58
99.9,76.6
99.8,76.62
99.7,76.64
99.6,76.66
99.4,76.68
99.2,76.72
99.1,76.74
99,76.76
98.8,76.8
98.5,76.84
98.4,76.86
98.3,76.92
98.1,76.96
97.9,76.99
97.7,77.01
97.6,77.03
97.5,77.09
97.3,77.11
97.2,77.15
97.1,77.19
96.9,77.23
96.8,77.25
96.7,77.27
96.5,77.31
96.3,77.33
96.2,77.39
96.1,77.41
96,77.44
95.9,77.46
95.8,77.48
95.6,77.52
95.5,77.62
95.4,77.66
95.2,77.68
95.1,77.72
94.8,77.84
94.5,77.89
94.4,77.97
94.2,78.03
94.1,78.05
94,78.07
93.8,78.15
93.7,78.19
93.6,78.25
93.5,78.27
93.3,78.31
93.2,78.36
93,78.38
92.9,78.4
92.8,78.46
92.7,78.52
92.6,78.54
92.5,78.62
92.4,78.68
92.3,78.72
92.2,78.74
92.1,78.79
92,78.83
91.9,78.87
91.7,78.95
91.6,78.97
91.5,78.99
91.4,79.05
91.3,79.07
91.2,79.11
91.1,79.15
91,79.19
90.9,79.24
90.8,79.28
90.7,79.34
90.6,79.38
90.5,79.42
90.4,79.44
90.3,79.46
90.2,79.54
90.1,79.65
90,79.77
89.9,79.79
89.7,79.83
89.6,79.85
89.5,79.91
89.4,80.01
89.3,80.05
89.2,80.07
89.1,80.16
89,80.2
88.9,80.32
88.8,80.38
88.7,80.44
88.6,80.48
88.5,80.57
88.4,80.63
88.3,80.69
88.2,80.75
88.1,80.79
88,80.85
87.9,80.93
87.8,81.02
87.7,81.06
87.6,81.1
87.5,81.14
87.4,81.16
87.3,81.22
87.2,81.24
87.1,81.36
87,81.43
86.9,81.51
86.8,81.63
86.7,81.69
86.6,81.81
86.5,81.86
86.4,81.96
86.3,82.02
86.2,82.06
86.1,82.12
86,82.2
85.9,82.24
85.8,82.37
85.7,82.43
85.6,82.51
85.5,82.63
85.4,82.73
85.3,82.82
85.2,82.88
85.1,83
85,83.08
84.9,83.23
84.8,83.35
84.7,83.45
84.6,83.59
84.5,83.74
84.4,83.96
84.3,84.19
84.2,84.31
84.1,84.41
84,84.62
83.9,84.76
83.8,84.94
83.7,85.19
83.6,85.46
83.5,85.74
83.4,85.95
83.3,86.3
83.2,86.64
83.1,86.81
83,86.93
82.9,86.95
82.8,86.97
82.6,86.99
82.5,87.01
82.4,87.05
81.9,87.09
81.8,87.15
81.7,87.2
81.6,87.22
81.4,87.24
81.3,87.28
81.1,87.3
80.9,87.34
80.8,87.38
80.7,87.4
80.6,87.44
80.4,87.48
80.2,87.5
80.1,87.52
80,87.56
79.9,87.61
79.7,87.67
79.6,87.75
79.4,87.77
79.2,87.79
79.1,87.81
79,87.83
78.9,87.87
78.8,87.91
78.6,87.93
78.5,87.95
78.4,87.99
78.2,88.03
78.1,88.12
77.9,88.14
77.8,88.16
77.7,88.22
77.6,88.26
77.5,88.3
77.3,88.32
77.2,88.34
77.1,88.36
77,88.44
76.9,88.48
76.8,88.51
76.6,88.55
76.5,88.59
76.4,88.63
76.2,88.65
76.1,88.67
76,88.71
75.9,88.73
75.8,88.77
75.7,88.79
75.6,88.85
75.5,88.89
75.4,88.93
75.3,88.96
75.2,89.02
75.1,89.06
75,89.08
74.8,89.14
74.7,89.16
74.6,89.18
74.5,89.22
74.4,89.24
74.3,89.28
74.2,89.36
74.1,89.38
73.9,89.41
73.8,89.43
73.7,89.49
73.6,89.51
73.5,89.53
73.4,89.55
73.3,89.67
73.2,89.71
73.1,89.73
73,89.79
72.9,89.81
72.8,89.84
72.7,89.86
72.6,89.88
72.5,89.9
72.4,89.94
72.3,89.98
72.2,90.02
72.1,90.06
72,90.1
71.9,90.12
71.8,90.16
71.7,90.18
71.6,90.2
71.5,90.22
71.4,90.27
71.3,90.33
71.2,90.35
71.1,90.37
71,90.45
70.9,90.51
70.8,90.53
70.7,90.57
70.6,90.61
70.5,90.63
70.4,90.65
70.3,90.67
70.2,90.7
70.1,90.8
70,90.82
69.9,90.84
69.8,90.88
69.7,90.96
69.6,91
69.5,91.08
69.4,91.1
69.3,91.14
69.2,91.23
69,91.27
68.9,91.31
68.8,91.35
68.6,91.41
68.5,91.45
68.4,91.51
68.3,91.55
68.2,91.59
68.1,91.6
68,91.66
67.9,91.72
67.8,91.78
67.7,91.86
67.5,91.92
67.4,92
67.3,92.07
67.2,92.11
67.1,92.19
66.9,92.23
66.8,92.33
66.7,92.37
66.6,92.43
66.5,92.47
66.4,92.48
66.3,92.62
66.2,92.7
66.1,92.72
65.9,92.8
65.7,92.84
65.5,92.88
65.4,92.92
65.3,92.99
65.2,93.01
65.1,93.07
65,93.17
64.9,93.19
64.7,93.23
64.6,93.29
64.5,93.33
64.4,93.35
64.3,93.36
64.2,93.4
64,93.48
63.9,93.58
63.8,93.6
63.7,93.64
63.6,93.68
63.5,93.76
63.4,93.81
63.3,93.83
63.2,93.89
63.1,93.97
63,93.99
62.8,94.01
62.7,94.11
62.6,94.15
62.5,94.19
62.4,94.21
62.3,94.32
62.1,94.36
62,94.52
61.9,94.62
61.8,94.71
61.7,94.89
61.6,94.99
61.5,95.05
61.4,95.13
61.3,95.22
61.2,95.32
61.1,95.5
61,95.69
60.9,95.81
60.8,96.02
60.7,96.2
60.6,96.47
60.5,96.85
60.4,97.34
60.3,97.82
60.2,98.29
60.1,98.78
60,100
